{"f5c1bd5d640d774d54b3878889c323e3dd961f2d1e486eb7771618ba2f4f0e07:2014bb42ecda4abc974ee4b456c025c7": {"name": "landau", "t0": 0.0, "r0": 1.5707963267948966, "\u03b80": 0.0, "c": [1.9, 1.0]}, "697bd74db7fbcbe6ab35e00532e1f7c5efa12736a3fdc8c03ca2f5c4d59b0fd8:6c92931ec5364bae8c79344fafc38fed": {"name": "landau", "t0": 0.0, "r0": 1.5707963267948966, "\u03b80": 0.0, "c": [2.1, 1.0]}, "0c3d7b4f2e3ef21194d732417756a8e22fa4d2792ab2baf7dc0c1fcb8fffce54:81af5bce5a414865bc54030df72b26b9": {"name": "landau", "t0": 0.0, "r0": 1.5707963267948966, "\u03b80": 0.0, "c": [1.8, 1.0]}, "a352ea64917071ac1d43532fb8bd4a522dab3901b94ee465c1fd8e317d823dc4:0b9a96181ce444e1a9b41e6dfab23c05": {"name": "landau", "t0": 0.0, "r0": 1.5707963267948966, "\u03b80": 0.0, "c": [2.3, 1.0]}, "d8bd6b641d7b202b6ff0f266deee09722da5e209be9223ca8d907e8c92a3c903:ab638abdc2de41d1a5449e366334e5ab": {"name": "landau", "t0": 0.0, "r0": 2.356194490192345, "\u03b80": 0.0, "c": [1.8, 1.0]}, "dc9cb42767bd21e911c610d5ebc299fcfe5287781c045032d2a52bc4dd41f84c:cb5eef7a55154e82b47990c15eb1c9c4": {"name": "landau", "t0": 0.0, "r0": 2.356194490192345, "\u03b80": 0.0, "c": [1.9, 1.0]}, "cbcc3f3f84f0218ce77004d0fabb2fddd1f3a6f7bdb958cf0cd9042945137e2a:99d942431832422da764b6d4d61f23fe": {"name": "landau", "t0": 0.0, "r0": 2.748893571891069, "\u03b80": 0.0, "c": [1.9, 1.0]}, "1a8403185e7be141c5ba98afdfe37ed7a889e4d953dd0e24815b1b95fc32bcd8:50d899c41a9d46c39ad1db3e898cabb8": {"name": "landau", "t0": 0.0, "r0": 2.748893571891069, "\u03b80": 0.0, "c": [1.8, 1.0]}, "39a010036e7abd28b7c5543e6eba94773378ce341cd275a65e83ca490969f9e9:b8399da5cefe473594a0afe5b193ce90": {"name": "landau", "t0": 0.0, "r0": 2.356194490192345, "\u03b80": 0.0, "c": [2.1, 1.0]}, "2066073956cbe958041ae03e3640a59f1d22492fcd6b7032bc2355e4e86767be:2d2b43ffa98d49d88bd4cef142012736": {"name": "landau", "t0": 0.0, "r0": 2.748893571891069, "\u03b80": 0.0, "c": [2.1, 1.0]}, "52125171ff88d82ed6a2a827ee40bf7fbf0ed0711a7ea9eaa057afc4b6d078bb:6feba469d8b042e6beaad4c3cd1f6c38": {"name": "landau", "t0": 0.0, "r0": 2.356194490192345, "\u03b80": 0.0, "c": [2.3, 1.0]}, "fd4536ba387d8ab4a45769966830c9cd8b99add61ccb7f4f4f6931696d7cd049:365b9ba08a3e4e0687173ec76bd08a9e": {"name": "landau", "t0": 0.0, "r0": 2.748893571891069, "\u03b80": 0.0, "c": [2.3, 1.0]}}