{"fd0e93874e57bcb5587951fa4d737e2886a6085cdc70fec59f19e3b17009dd4b:0250ff1bb4cc4cd4afce69a5a399bf1f": {"name": "lindblad_strong", "t0": 0.0, "r0": 1.5707963267948966, "\u03b80": 0.0, "d": 1.5}, "b21adf11cdeaf3e879481b7bf7768276359dccf3cab1c49238197e0535fbee88:a4cca65192a844cd8969e5bfa4aafbf2": {"name": "lindblad_strong", "t0": 0.0, "r0": 1.5707963267948966, "\u03b80": 0.0, "d": 1.1}, "ef4741f8e457931de5a0f9f467379441fa538aa24c3798784ad1900504a411fc:b4c8f7f84cdc48d7b0001a11519d167a": {"name": "lindblad_strong", "t0": 0.0, "r0": 1.5707963267948966, "\u03b80": 0.0, "d": 0.9}, "9e34106375354bd670c08aea76108b03d81c59369aedc3d2f173ccb0a2fb7f8f:5efd31db19214e67822724bf3d9a9ad5": {"name": "lindblad_strong", "t0": 0.0, "r0": 1.5707963267948966, "\u03b80": 0.0, "d": 1.2}, "1c138ef0cc942b0bcb148a957baa69fbb632964e95eec78bd6c577bd38cd1b57:054ee51758634ac69c202f53a1efcde3": {"name": "lindblad_strong", "t0": 0.0, "r0": 2.356194490192345, "\u03b80": 0.0, "d": 1.2}, "ae203e23517570fecc4e703e8cc618ef7f22ed3037f540198c0ecb2011211c54:9b9e94fc76864599903c6cd1486962f5": {"name": "lindblad_strong", "t0": 0.0, "r0": 3.9269908169872414, "\u03b80": 0.0, "d": 1.2}, "f3586253f9ec60453b46a145a1eb861f1653868ef7f45e21e577a3a8ce28456f:d4c6119f8a054576b9e6b1291bd7d7fe": {"name": "lindblad_strong", "t0": 0.0, "r0": 2.748893571891069, "\u03b80": 0.0, "d": 1.2}, "737b6a4021fd0b7b5c062fc37d4ff4447247fb7c5c2c483d0ac57678687489d6:e793b3ab6fd545d8a84c2e5373695c2a": {"name": "lindblad_strong", "t0": 0.0, "r0": 2.748893571891069, "\u03b80": 0.0, "d": 1.1}, "0821d84759f3ad561228afee65479d7004f95ac38ab7adcefcf99e62ee5e37a5:f96c2da1aae843ebaca49b7841552013": {"name": "lindblad_strong", "t0": 0.0, "r0": 2.748893571891069, "\u03b80": 0.0, "d": 1.5}, "21477ac35c56e795408d43cfebe7d029c4ddc2f002457e1ac808363e381cd69d:1dc4bfbf3fa84235b86b7ab484c9f3bc": {"name": "lindblad_strong", "t0": 0.0, "r0": 1.5707963267948966, "\u03b80": 0.0, "d": 1.25}, "794bd3b3ab0ba8b9aa6e7f27aa01a6b31da1b4e513950856dda1fecb8037ef28:24b0d63ba4f344969706402449817d04": {"name": "lindblad_strong", "t0": 0.0, "r0": 1.5707963267948966, "\u03b80": 0.0, "d": -1.25}, "d5abc47ccc68b949ea5e63461fbecb8aaa3e4f0bbba53c5594456c6ae0a570ee:ee63c8dabd464ab4b064ec56b68335e0": {"name": "lindblad_strong", "t0": 0.0, "r0": 2.748893571891069, "\u03b80": 0.0, "d": 1.25}, "0c092e910094f800fc14209b4f12cf51a555af13dca5dcc182587c326eb6f515:8dad8a2d07ec4d0b8304ede78241aac4": {"name": "lindblad_strong", "t0": 0.0, "r0": 2.356194490192345, "\u03b80": 0.0, "d": 1.25}, "845750e03eb68b66455fae30d23bfe3b06eab75e98fba3b5b1bc9fc88f94445b:6376da88a6ef4330b4974fe11bae8963": {"name": "lindblad_strong", "t0": 0.0, "r0": 2.356194490192345, "\u03b80": 0.0, "d": -1.25}, "6df48e6f43c0cfff2dc4e6900e6c7f32ecb4efc975f72d5955e648fa2c094e4e:f37da88570ed43b88b29c61a45464ae8": {"name": "lindblad_strong", "t0": 0.0, "r0": 0.7853981633974483, "\u03b80": 0.0, "d": 1.25}, "d99e45380384e803e76e2a8be9f6c98804933871e2136975f8551bd735ddca7e:9d4590a620c34ea7bd184b19dfc5d552": {"name": "lindblad_strong", "t0": 0.0, "r0": 2.748893571891069, "\u03b80": 0.0, "d": -1.25}, "eabd32e0080e831aef240fec9cc396b96129099156125a0625d2644ec11e21e6:131d85c765304c8f94e016daaa01c5d3": {"name": "lindblad_strong", "t0": 0.0, "r0": 1.5707963267948966, "\u03b80": 0.0, "d": -1.15}}